code,naam,categorie
AB10,Elandsgrachtbuurt,9
AB11,Passeerdersgrachtbuurt,1
AC01,Langestraat e.o.,9
AC02,Leliegracht e.o.,9
AC03,Felix Meritisbuurt,9
ED02,Kolenkitbuurt-Zuid,2
AC04,Leidsegracht-Noord,2
AD01,Stationsplein e.o.,1
AD02,Hemelrijk,4
AD03,Nieuwendijk-Noord,4
AD04,Spuistraat-Noord,1
AD05,Nieuwe Kerk e.o.,9
AD06,Spuistraat-Zuid,4
AE05,BG-terrein e.o.,9
AD07,Begijnhofbuurt,2
AD08,Kalverdriehoek,1
EA01,Isolatorbuurt,1
AE01,Kop Zeedijk,9
EA02,Contactbuurt,2
EA03,Woon- en Groengebied Sloterdijk,2
EB01,Hemknoop-Zuid,1
EB02,Overbraker Binnenpolder,9
ED03,Laan van Spartaan,4
EB03,Zaanstraat emplacement,4
EB04,Spaarndammerbuurt-Noordwest,1
EB05,Spaarndammerbuurt-Midden,2
EB06,Spaarndammerbuurt-Zuidwest,5
EB07,Spaarndammerbuurt-Noordoost,1
EB08,Zeeheldenbuurt,2
EB09,Westergasfabriek,3
EB10,Spaarndammerbuurt-Zuidoost,9
EC01,Houthavens-West,9
EC02,Houthavens-Oost,1
ED01,Kolenkitbuurt-Noord,1
ED04,Robert Scottbuurt-West,3
EE01,Bosleeuw,9
EE02,Gibraltarbuurt,4
EE03,Bedrijventerrein Landlust,9
EE04,Landlust-Noord,2
EE05,Erasmusparkbuurt-Oost,2
EE06,Landlust-Zuid,1
MG03,Sumatraplantsoenbuurt,1
EF01,Robert Scottbuurt-Oost,5
EF02,Erasmusparkbuurt-West,9
EG01,Bedrijvencentrum Westerkwartier,9
EG03,Markthallen,4
EG04,Marcanti,4
EH01,Westerstaatsman,1
EH02,Fannius Scholtenbuurt,5
MK03,Pampusbuurt-Oost,3
EH03,Staatsliedenbuurt-Noordoost,4
EH04,De Wittenbuurt-Noord,2
EH05,De Wittenbuurt-Zuid,2
EH06,Buyskade e.o.,1
EJ01,Frederik Hendrikbuurt-Noord,4
EJ02,Frederik Hendrikbuurt-Zuidwest,4
EJ03,Frederik Hendrikbuurt-Zuidoost,1
EK01,Mercatorpark,4
EK04,John Franklinbuurt,9
EL01,Pieter van der Doesbuurt,3
EL02,Trompbuurt,5
EL03,Geuzenhofbuurt,9
EM01,Orteliusbuurt-Midden,3
EM02,Balboaplein e.o.,2
EM03,Orteliusbuurt-Zuid,3
MA01,Java-eiland,5
MA02,KNSM-eiland,5
MA03,Oostelijke Handelskade,5
MA04,Rietlanden,5
MA05,Sporenburg,5
MA06,Borneo,5
MA07,Entrepot-Noordwest,3
MA08,Bedrijvengebied Veelaan,4
MA09,Architectenbuurt,2
MA10,Cruquiusbuurt,5
MA11,Bedrijvengebied Zeeburgerkade,3
MB01,Weesperzijde-Noord,9
MB02,Weesperzijde-Midden/Zuid,2
MB03,Parooldriehoek,1
MC01,Oosterparkbuurt-Noordwest,9
MC02,Oosterpark,4
MC03,Oosterparkbuurt-Zuidwest,3
MC04,Oosterparkbuurt-Zuidoost,5
MD01,Transvaalbuurt-West,4
MD02,Transvaalbuurt-Oost,3
ME01,Dapperbuurt-Noord,3
ME02,Dapperbuurt-Zuid,3
ME03,Oostpoort,1
MF01,Timorpleinbuurt-Noord,9
MF02,Timorpleinbuurt-Zuid,5
MF03,Ambonpleinbuurt,3
MG01,Makassarpleinbuurt,2
MG02,Zeeburgerdijk-Oost,2
MG04,Flevopark,2
MH01,Sluisbuurt,3
MH02,Sportheldenbuurt,3
MH03,Oostpunt Zeeburgereiland,1
MH04,Baaibuurt-West,1
MK01,Buiteneiland,5
MH05,Baaibuurt-Oost,3
MH06,Bovendiep/Diemerpark,2
MJ01,Steigereiland-Zuid,5
MJ02,Steigereiland-Noord,2
MJ03,Rieteilanden-West,5
MJ04,Joris Ivenspleinbuurt,5
MJ05,Ed Pelsterparkbuurt,9
MK04,Centrumeiland,9
MK05,Muidenbuurt-West,1
MK06,Muidenbuurt-Oost,3
ML01,Havenkwartier IJburg,2
ML02,Theo van Goghparkbuurt,1
ML03,Rieteiland-Oost,1
MM01,Van der Kunbuurt,3
MM02,De Eenhoorn,3
MM03,Don Bosco,9
MM04,Julianapark,5
MM05,Frankendael,2
MM06,Tuindorp Amstelstation,9
MM07,De Wetbuurt,1
MM08,Tuindorp Frankendael,3
MN01,Linnaeusparkbuurt,3
MN02,Middenmeer-Noord,3
MN03,Middenmeer-Zuid,9
MN04,Science Park-Noord,4
MN05,Science Park-Zuid,5
MN06,Sportpark Middenmeer-Zuid,4
MN07,Sportpark Middenmeer-Noord,5
MN08,Park de Meer,9
MN09,Sportpark Voorland,5
MP01,Drieburg,9
MP02,Nieuwe Oosterbegraafplaats,1
MP03,Betondorp,3
MQ01,De Omval,5
MQ02,Overamstel,3
MQ03,Amstelglorie,4
MQ04,Amstelkwartier-West,3
MQ05,Amstelkwartier-Noord,4
MQ06,Amstelkwartier-Zuid,4
MQ07,Weespertrekvaart,4
EM04,Columbusplein e.o.,2
EN01,Filips van Almondekwartier,5
EN02,Kortenaerkwartier,5
EN03,Van Brakelkwartier,9
EN04,De Wester Quartier,1
EP01,Bellamybuurt-Noord,2
EP02,Bellamybuurt-Zuid,9
EQ01,Da Costabuurt-Noord,3
ER01,Postjeskade e.o.,3
ER02,Paramariboplein e.o.,5
ES01,Lootsbuurt,3
ES02,Borgerbuurt,9
ES03,Da Costabuurt-Zuid,9
AE02,Oude Kerk e.o.,5
ET01,Cremerbuurt-West,5
ET02,Vondelparkbuurt-West,2
EU01,Cremerbuurt-Oost,1
EU02,WG-terrein,5
EU03,Helmersbuurt-Oost,4
EV01,Vondelparkbuurt-Midden,9
EV02,Vondelparkbuurt-Oost,2
AE03,Burgwallen-Oost,4
AE04,Nes e.o.,4
AF01,Oosterdokseiland,4
AF02,Lastage,2
AF03,Scheepvaarthuisbuurt,3
AF04,Rapenburg,5
AF05,Nieuwmarkt,2
AF06,Uilenburg,4
AF07,Valkenburg,9
AF08,Zuiderkerkbuurt,5
AF09,Waterloopleinbuurt,1
AG01,Leidsegracht-Zuid,1
AG02,Geelvinckbuurt,5
AG03,Rembrandtplein e.o.,5
AG04,Spiegelbuurt,9
AG05,Vijzelstraatbuurt,5
AG06,Amstelveldbuurt,5
AH01,Leidsebuurt-Noordwest,9
AH02,Leidsebuurt-Noordoost,5
AH03,Weteringbuurt,9
AH04,Utrechtsebuurt-Zuid,2
AH05,Leidsebuurt-Zuidwest,3
AH06,Leidsebuurt-Zuidoost,3
AH07,Den Texbuurt,2
AH08,Frederikspleinbuurt,1
AJ01,Weesperbuurt,1
AK08,Kazernebuurt,3
AJ02,Plantage,9
AJ03,Sarphatistrook,1
AJ04,Alexanderplein e.o.,4
AK01,Marine-Etablissement,1
AK02,Kattenburg,9
AK03,Wittenburg,1
AK04,Oostenburg,4
AK05,Czaar Peterbuurt,1
AK06,Het Funen,1
AK07,Kadijken,3
NA01,Noorder IJplas,4
NA02,Melkweg/Oostzanerwerf,1
NA03,Walvisbuurt,9
NA04,Twiske-West,5
NA05,Oostzanerdijk,1
NA06,Circus/Kermisbuurt,2
NA07,Molenwijk,3
NB01,Cornelis Douwesterrein-West,4
NB02,Cornelis Douwesterrein-Oost,3
NB03,NDSM terrein,5
NB04,Buiksloterham-Zuid,4
NB05,Buiksloterham-Noord,3
NB06,Klaprozenbuurt,2
NB07,Overhoeks,2
NC01,Tuindorp Oostzaan-West,2
NC02,Tuindorp Oostzaan-Oost,5
NC03,Terrasdorp,2
NC04,De Bongerd,2
ND01,Twiske-Oost,1
ND02,Kadoelen,4
NE01,Banne-Noordwest,3
NE02,Banne-Noordoost,9
NH05,Plan van Gool,3
NE03,Banne-Zuidwest,1
NE04,Banne-Zuidoost,4
NE05,Buiksloterbreek,5
NE06,Marjoleinterrein,1
NF01,Buiksloterdijk-West,9
NF02,Buiksloterdijk-Oost,2
NF03,Nieuwendammerdijk-West,5
NF04,Nieuwendammerdijk-Oost,1
NF05,Nieuwendammerdijk-Zuid,5
NG01,Elzenhagen-Noord,5
NG02,Elzenhagen-Zuid,2
NG03,Nintemanterrein,2
NH01,Buikslotermeer-Noord,1
NH02,De Kleine Wereld,9
NH03,Loenermark,2
NH04,Buikslotermeerplein,3
NH06,Rode Kruisbuurt,5
NJ01,Markengouw-Noord,9
NJ02,Markengouw-Midden,2
NJ03,Markengouw-Zuid,9
NJ04,Werengouw-Noord,4
NJ05,Werengouw-Midden,9
NJ06,Werengouw-Zuid,9
NK01,Bloemenbuurt-Noord,9
NK02,Bloemenbuurt-Zuid,2
NK03,Van der Pekbuurt,9
NL01,Vogelbuurt-Noord,3
NL02,Vliegenbos,3
NL03,Vogelbuurt-Zuid,3
NL04,IJplein e.o.,9
NM01,Blauwe Zand,3
NN01,Tuindorp Nieuwendam-West,5
NN02,Tuindorp Nieuwendam-Oost,5
NP01,Hamerstraatkwartier-West,1
NP02,Hamerstraatkwartier-Oost,4
NP03,Bedrijventerrein Nieuwendammerdijk,9
NQ01,Noorderstrook-West,1
NQ02,Noorderstrook-Oost,1
NQ03,Zunderdorp,1
NQ04,Schellingwoude-West,5
NQ05,Schellingwoude-Oost,2
NQ06,Schellingwoude-Noord,1
NQ07,Zwarte Gouw,3
NQ08,Holysloot,1
NQ09,Ransdorp,4
NQ10,Durgerdam,3
SA01,Landelijk gebied Driemond,4
SA02,Dorp Driemond,9
BB03,Minervahaven-Noordoost,2
SB01,Weespersluis-Noord,3
SB02,Waterrijk,5
SB03,Lanenrijk,9
SB04,Vechtrijk,5
SB05,Leeuwenveld,9
SB06,Bedrijventerrein Nijverheidslaan,1
SC01,Bedrijventerrein-Noord Weesp,4
SC02,Hogewey-Noord,9
SC03,Hogewey-Midden,1
SC04,Hogewey-Zuid,4
SC05,Weesp Dichtersbuurt,2
SC06,Weesp Schildersbuurt,1
SD01,Herensingelkwartier,5
SD02,Bedrijventerrein Van Houten,2
SD03,Weesp Centrum,4
SD04,Weesp-Zuid I,5
SD05,Weesp-Zuid II,3
SD06,De Klomp,9
SE01,Aetsveldsepolder,2
SE02,Aetsveld-Zuid,2
SE03,Aetsveld-Noord,5
SE04,Oostelijke Vechtoever,4
AA01,Planciusbuurt-Noord,3
BA01,Afrikahaven,2
BA02,Amerikahaven,9
BA03,Westhaven-Noord,9
BB04,Minervahaven-Noordwest,1
EG02,GWL-terrein,1
BA04,Petroleumhaven,9
BA05,Vervoerscentrum,5
BA06,Westhaven-Zuid,3
BB01,Coenhaven,5
BB02,Vlothaven,1
BB05,Minervahaven-Zuidwest,2
BB06,Minervahaven-Zuidoost,1
BB07,Alfa-driehoek,2
BB08,Hemknoop-Noord,5
TA05,Amstel III deel A/B-Zuid,9
FB04,Eendrachtspark,5
FA01,Sloterdijk De Heining,9
FA02,Sloterdijk Poort-Noord,1
FA03,Sloterdijk Poort-Zuid,1
FA04,Sloterdijk Rhônepark,3
FA05,Sloterdijk Donauhoek,5
TD04,Huntum,1
FA06,Bretten-West,9
FA07,Bretten-Oost,1
FA08,Sloterdijk Stationskwartier,1
TM04,Gein 4,2
FB01,Osdorper Binnenpolder,2
FB02,De Eendracht,1
FB03,Ruys de Beerenbrouckbuurt,2
FB05,Van Tijenbuurt,9
FB06,Dudokbuurt,1
FB07,Bakemabuurt,3
FB08,Wegener Sleeswijkbuurt,4
FC01,Jan de Louterbuurt,4
FC02,Lodewijk van Deysselbuurt,1
FC03,Confuciusbuurt,3
FD01,Arondeusbuurt,2
FD02,Coronelbuurt,1
FD03,Meerwaldtbuurt,9
FD04,Dobbebuurt,4
FE01,Dichtersbuurt,3
FE02,Louis Couperusbuurt,4
FE03,Noordoever Sloterplas,4
TA01,Hoofdcentrum-Zuidoost,4
TA02,Amstel III deel C/D-Noord,2
TA03,Amstel III deel A/B-Noord,3
TA04,Amstel III deel C/D-Zuid,4
TA06,AMC,9
TA07,Hoge Dijk,4
TB01,Venserpolder-West,1
TB02,Venserpolder-Oost,9
TC01,D-buurt,2
TC02,F-buurt,3
FE04,Sloterpark,9
TC03,Amsterdamse Poort,3
TC04,Vogeltjeswei,2
TC05,Nelson Mandelapark,1
TD01,Hoptille,4
TD02,Rechte H-buurt,1
TD03,Hakfort/Huigenbos,2
TE01,E-buurt,2
TE02,G-buurt-West,9
TE03,G-buurt-Noord,5
TF01,G-buurt-Oost,2
TF02,Grunder/Koningshoef,9
TF03,Kantershof,3
TG01,Bijlmermuseum-Noord,1
TG02,Bijlmermuseum-Zuid,5
TG03,De Kameleon e.o.,9
TH01,Gooise Kant,9
TH02,Kortvoort,3
TH03,Kelbergen,1
TH04,K-buurt-Zuidwest,2
TH05,K-buurt-Zuidoost,2
TJ01,Holendrecht-West,5
TJ02,Holendrecht-Oost,1
TJ03,Holendrecht-Zuid,4
TK01,L-buurt,4
TK02,Gaasperpark,1
TK03,Gaasperplas,4
TL01,Reigersbos 1,4
TL02,Reigersbos 2,1
TL03,Reigersbos 3,3
TL04,Reigersbos 4,9
TM01,Gein 1,9
TM02,Gein 2,9
TM03,Gein 3,9
FF01,Osdorper Bovenpolder,3
FF02,Ookmeer,5
FF03,Bedrijvenpark Lutkemeer,2
FG01,Middelveldsche Akerpolder,3
FG02,De Aker-West,9
FG03,De Aker-Oost,1
FH01,Bedrijvencentrum Osdorp,2
FH02,Dijkgraafpleinbuurt,4
FJ01,Reimerswaal,5
FJ02,Botteskerkbuurt,5
FJ03,Zuidwestkwadrant-Noord,1
FJ04,Zuidwestkwadrant-Zuid,5
FK01,Wildeman,4
FK02,Meer en Oever,4
FK03,Osdorpplein e.o.,2
FK04,Calandlaan/Lelylaan,9
FN04,Staalmanbuurt,9
FK05,Osdorp-Zuidoost,3
FL01,Oostoever Sloterplas,2
FL02,Emanuel van Meterenbuurt,5
FL03,Jacob Geelbuurt,2
FM01,Lucas/Andreasziekenhuis e.o.,9
FM02,Overtoomse Veld-Noord,5
FM03,Rembrandtpark-Noord,1
FM04,Overtoomse Veld-Zuid,1
FM05,Rembrandtpark-Zuid,3
FM06,Johan Jongkindbuurt,1
FN01,Louis Crispijnbuurt,2
FN02,Jacques Veldmanbuurt,4
FN03,Medisch Centrum Slotervaart,2
FP02,Koningin Wilhelminaplein,2
FP03,Andreasterrein,1
FP04,Delflandpleinbuurt-West,2
FP05,Delflandpleinbuurt-Oost,3
FP06,Riekerhaven,3
FQ01,Dorp Sloten,9
FQ02,Nieuw-Sloten-Noordwest,3
FQ03,Nieuw-Sloten-Noordoost,5
FQ04,Nieuw-Sloten-Zuidwest,5
FQ05,Belgiëplein e.o.,1
FQ06,Nieuw-Sloten-Zuidoost,4
FQ07,Sloterweg e.o.,9
FQ08,Park Haagseweg,5
FQ09,Riekerpolder,3
FQ10,Nieuwe Meer,5
MK02,Pampusbuurt-West,9
AA02,Westelijke eilanden,2
AB03,Anjeliersbuurt-Noord,5
KA01,Westlandgrachtbuurt,4
KA02,Surinamepleinbuurt,2
KA03,Legmeerpleinbuurt,3
KA04,Aalsmeerwegbuurt-West,4
KA05,Aalsmeerwegbuurt-Oost,3
KA06,Bedrijventerrein Schinkel,1
KB01,Schinkelbuurt-Noord,3
KB02,Schinkelbuurt-Zuid,1
KC01,Vondelpark-West,4
KC02,Willemsparkbuurt-Noord,4
KC03,Valeriusbuurt-West,2
KC04,Valeriusbuurt-Oost,1
KD01,Vondelpark-Oost,2
KD02,Cornelis Schuytbuurt,2
KD03,Concertgebouwbuurt,1
KD04,P.C. Hooftbuurt,9
KD05,Museumplein,5
KD06,Banpleinbuurt,4
KD07,Hondecoeterbuurt,5
KD08,Johannes Vermeerbuurt,3
KD09,Duivelseiland,3
KD10,Harmoniehofbuurt,3
KE01,Frans Halsbuurt,1
KE02,Gerard Doubuurt,4
KE03,Hercules Seghersbuurt,3
KE04,Sarphatiparkbuurt,2
KE05,Hemonybuurt,3
KF01,Cornelis Troostbuurt,4
KF02,Lizzy Ansinghbuurt,4
KF03,Van der Helstpleinbuurt,3
KF04,Willibrordusbuurt,3
KG01,BurgemeesterTellegenbuurt-West,3
KG02,Burgemeester Tellegenbuurt-Oost,9
KG03,Diamantbuurt,5
KH01,Bertelmanpleinbuurt,4
KH02,Olympisch Stadion e.o.,2
KH03,Marathonbuurt-West,4
KH04,Marathonbuurt-Oost,4
KH05,Van Tuyllbuurt,4
KH06,IJsbaanpad e.o.,2
KJ01,Hiltonbuurt,1
KJ02,Minervabuurt-Noord,4
KJ03,Minervabuurt-Midden,1
KJ04,Minervabuurt-Zuid,5
KJ05,Beethovenbuurt,3
KJ06,Diepenbrockbuurt,5
KK01,Wielingenbuurt,4
KK02,Scheldebuurt-West,5
KK03,Scheldebuurt-Midden,5
KK04,Scheldebuurt-Oost,9
KK05,Veluwebuurt,3
KK06,Kop Zuidas,3
KL01,IJselbuurt-West,5
KL02,IJselbuurt-Oost,1
KM01,Kromme Mijdrechtbuurt,4
KM02,Rijnbuurt-West,3
KM03,Rijnbuurt-Midden,4
KM04,Rijnbuurt-Oost,9
KM05,Zorgvlied,2
KN01,Prinses Irenebuurt,1
KN02,Beatrixpark,9
KP01,Zuidas-Noord,2
KP02,RAI,3
KP03,VU-kwartier,5
KP04,Zuidas-Zuid,9
KP05,Vivaldi,3
KQ01,Amsterdamse Bos,2
KQ02,Zuiderhof,9
KQ03,Buitenveldert-West-Midden,3
KQ04,Gelderlandpleinbuurt,9
KQ05,Buitenveldert-Zuidwest,9
KQ06,Buitenveldert-Zuid-Midden,3
KR01,De Klenckebuurt,9
KR02,Buitenveldert-Oost-Midden,3
KR03,Buitenveldert-Zuidoost,9
KR04,Amstelpark,1
AB04,Zaagpoortbuurt,3
FP01,Schipluidenbuurt,9
EK02,Orteliusbuurt-Noord,1
AA03,Westerdokseiland,2
AA04,Planciusbuurt-Zuid,5
AA05,Haarlemmerbuurt-West,2
EK03,Jan Maijenbuurt,4
AA06,Haarlemmerbuurt-Oost,4
AB01,Marnixbuurt-Noord,4
AB02,Driehoekbuurt,9
AB05,Anjeliersbuurt-Zuid,1
AB06,Marnixbuurt-Midden,3
AB07,Bloemgrachtbuurt,2
AB08,Groenmarktkadebuurt,3
AB09,Marnixbuurt-Zuid,4
